pcode1,pcode2,pcode3,match_shape,TF
VE01,VE0101,VE010101,VE010101,TRUE
VE01,VE0101,VE010102,VE010102,TRUE
VE01,VE0101,VE010103,VE010103,TRUE
VE01,VE0101,VE010104,VE010104,TRUE
VE01,VE0101,VE010105,VE010105,TRUE
VE01,VE0101,VE010106,VE010106,TRUE
VE01,VE0101,VE010107,VE010107,TRUE
VE01,VE0101,VE010108,VE010108,TRUE
VE01,VE0101,VE010109,VE010109,TRUE
VE01,VE0101,VE010110,VE010110,TRUE
VE01,VE0101,VE010111,VE010111,TRUE
VE01,VE0101,VE010112,VE010112,TRUE
VE01,VE0101,VE010113,VE010113,TRUE
VE01,VE0101,VE010114,VE010114,TRUE
VE01,VE0101,VE010115,VE010115,TRUE
VE01,VE0101,VE010116,VE010116,TRUE
VE01,VE0101,VE010117,VE010117,TRUE
VE01,VE0101,VE010118,VE010118,TRUE
VE01,VE0101,VE010119,VE010119,TRUE
VE01,VE0101,VE010120,VE010120,TRUE
VE01,VE0101,VE010121,VE010121,TRUE
VE01,VE0101,VE010122,VE010122,TRUE
VE02,VE0201,VE020100,VE020100,TRUE
VE02,VE0202,VE020200,VE020200,TRUE
VE02,VE0203,VE020300,VE020300,TRUE
VE02,VE0206,VE020600,VE020600,TRUE
VE03,VE0302,VE030201,VE030201,TRUE
VE03,VE0303,VE030301,VE030301,TRUE
VE03,VE0304,VE030401,VE030401,TRUE
VE03,VE0304,VE030402,VE030402,TRUE
VE03,VE0305,VE030501,VE030501,TRUE
VE03,VE0306,VE030601,VE030601,TRUE
VE03,VE0306,VE030602,VE030602,TRUE
VE03,VE0307,VE030701,VE030701,TRUE
VE03,VE0307,VE030702,VE030702,TRUE
VE03,VE0308,VE030801,VE030801,TRUE
VE03,VE0308,VE030802,VE030802,TRUE
VE03,VE0309,VE030901,VE030901,TRUE
VE03,VE0310,VE031001,VE031001,TRUE
VE03,VE0310,VE031002,VE031002,TRUE
VE03,VE0310,VE031005,VE031005,TRUE
VE03,VE0310,VE031006,VE031006,TRUE
VE03,VE0311,VE031101,VE031101,TRUE
VE03,VE0311,VE031103,VE031103,TRUE
VE03,VE0312,VE031201,VE031201,TRUE
VE03,VE0312,VE031203,VE031203,TRUE
VE03,VE0313,VE031301,VE031301,TRUE
VE03,VE0314,VE031401,VE031401,TRUE
VE03,VE0316,VE031601,VE031601,TRUE
VE03,VE0318,VE031801,VE031801,TRUE
VE03,VE0318,VE031802,VE031802,TRUE
VE03,VE0318,VE031804,VE031804,TRUE
VE03,VE0318,VE031805,VE031805,TRUE
VE03,VE0318,VE031806,VE031806,TRUE
VE03,VE0320,VE032002,VE032002,TRUE
VE04,VE0401,VE040101,VE040101,TRUE
VE04,VE0401,VE040103,VE040103,TRUE
VE04,VE0402,VE040201,VE040201,TRUE
VE04,VE0403,VE040301,VE040301,TRUE
VE04,VE0403,VE040302,VE040302,TRUE
VE04,VE0404,VE040401,VE040401,TRUE
VE04,VE0404,VE040403,VE040403,TRUE
VE04,VE0404,VE040404,VE040404,TRUE
VE04,VE0404,VE040405,VE040405,TRUE
VE04,VE0405,VE040502,VE040502,TRUE
VE04,VE0406,VE040601,VE040601,TRUE
VE04,VE0407,VE040701,VE040701,TRUE
VE04,VE0407,VE040702,VE040702,TRUE
VE04,VE0407,VE040703,VE040703,TRUE
VE05,VE0503,VE050303,VE050303,TRUE
VE05,VE0503,VE050305,VE050305,TRUE
VE05,VE0503,VE050306,VE050306,TRUE
VE05,VE0503,VE050307,VE050307,TRUE
VE05,VE0503,VE050309,VE050309,TRUE
VE05,VE0505,VE050502,VE050502,TRUE
VE05,VE0505,VE050503,VE050503,TRUE
VE05,VE0506,VE050600,VE050600,TRUE
VE05,VE0508,VE050802,VE050802,TRUE
VE05,VE0510,VE051001,VE051001,TRUE
VE05,VE0511,VE051104,VE051104,TRUE
VE05,VE0512,VE051201,VE051201,TRUE
VE05,VE0513,VE051301,VE051301,TRUE
VE05,VE0515,VE051501,VE051501,TRUE
VE05,VE0515,VE051504,VE051504,TRUE
VE05,VE0516,VE051601,VE051601,TRUE
VE05,VE0516,VE051602,VE051602,TRUE
VE05,VE0516,VE051603,VE051603,TRUE
VE05,VE0517,VE051701,VE051701,TRUE
VE05,VE0518,VE051801,VE051801,TRUE
VE06,VE0601,VE060101,VE060101,TRUE
VE06,VE0602,VE060201,VE060201,TRUE
VE06,VE0604,VE060401,VE060401,TRUE
VE06,VE0604,VE060408,VE060408,TRUE
VE06,VE0604,VE060409,VE060409,TRUE
VE06,VE0604,VE060410,VE060410,TRUE
VE06,VE0604,VE060412,VE060412,TRUE
VE06,VE0604,VE060414,VE060414,TRUE
VE06,VE0605,VE060501,VE060501,TRUE
VE06,VE0606,VE060601,VE060601,TRUE
VE06,VE0608,VE060801,VE060801,TRUE
VE06,VE0608,VE060804,VE060804,TRUE
VE06,VE0609,VE060901,VE060901,TRUE
VE06,VE0609,VE060904,VE060904,TRUE
VE07,VE0701,VE070101,VE070101,TRUE
VE07,VE0701,VE070102,VE070102,TRUE
VE07,VE0701,VE070103,VE070103,TRUE
VE07,VE0701,VE070104,VE070104,TRUE
VE07,VE0701,VE070105,VE070105,TRUE
VE07,VE0701,VE070106,VE070106,TRUE
VE07,VE0701,VE070107,VE070107,TRUE
VE07,VE0701,VE070108,VE070108,TRUE
VE07,VE0701,VE070109,VE070109,TRUE
VE07,VE0701,VE070110,VE070110,TRUE
VE07,VE0702,VE070201,VE070201,TRUE
VE07,VE0702,VE070205,VE070205,TRUE
VE07,VE0702,VE070206,VE070206,TRUE
VE07,VE0703,VE070300,#N/A,#N/A
VE07,VE0704,VE070401,VE070401,TRUE
VE07,VE0705,VE070501,VE070501,TRUE
VE07,VE0705,VE070502,VE070502,TRUE
VE07,VE0705,VE070503,VE070503,TRUE
VE07,VE0705,VE070504,VE070504,TRUE
VE07,VE0705,VE070505,VE070505,TRUE
VE07,VE0705,VE070506,VE070506,TRUE
VE07,VE0705,VE070507,VE070507,TRUE
VE07,VE0705,VE070508,VE070508,TRUE
VE07,VE0705,VE070509,VE070509,TRUE
VE07,VE0706,VE070601,VE070601,TRUE
VE07,VE0707,VE070701,VE070701,TRUE
VE07,VE0707,VE070703,VE070703,TRUE
VE07,VE0708,VE070801,VE070801,TRUE
VE07,VE0709,VE070901,VE070901,TRUE
VE07,VE0709,VE070903,VE070903,TRUE
VE07,VE0710,VE071001,VE071001,TRUE
VE07,VE0710,VE071003,VE071003,TRUE
VE07,VE0711,VE071101,VE071101,TRUE
VE08,VE0801,VE080101,VE080101,TRUE
VE08,VE0802,VE080201,VE080201,TRUE
VE08,VE0802,VE080202,VE080202,TRUE
VE08,VE0803,VE080301,VE080301,TRUE
VE08,VE0803,VE080302,VE080302,TRUE
VE08,VE0804,VE080402,VE080402,TRUE
VE08,VE0804,VE080403,VE080403,TRUE
VE08,VE0805,VE080501,VE080501,TRUE
VE08,VE0806,VE080601,VE080601,TRUE
VE08,VE0806,VE080602,VE080602,TRUE
VE08,VE0807,VE080701,VE080701,TRUE
VE08,VE0808,VE080801,VE080801,TRUE
VE08,VE0809,VE080901,VE080901,TRUE
VE08,VE0810,VE081001,VE081001,TRUE
VE08,VE0811,VE081101,VE081101,TRUE
VE08,VE0811,VE081102,VE081102,TRUE
VE08,VE0811,VE081104,VE081104,TRUE
VE08,VE0811,VE081105,VE081105,TRUE
VE08,VE0811,VE081106,VE081106,TRUE
VE08,VE0812,VE081201,VE081201,TRUE
VE08,VE0813,VE081301,VE081301,TRUE
VE08,VE0814,VE081401,VE081401,TRUE
VE08,VE0814,VE081404,VE081404,TRUE
VE08,VE0814,VE081405,VE081405,TRUE
VE08,VE0814,VE081407,VE081407,TRUE
VE08,VE0814,VE081408,VE081408,TRUE
VE09,VE0901,VE090102,VE090102,TRUE
VE09,VE0902,VE090201,VE090201,TRUE
VE09,VE0904,VE090401,VE090401,TRUE
VE09,VE0906,VE090601,VE090601,TRUE
VE09,VE0907,VE090701,VE090701,TRUE
VE09,VE0908,VE090801,VE090801,TRUE
VE09,VE0908,VE090803,VE090803,TRUE
VE09,VE0909,VE090901,VE090901,TRUE
VE10,VE1001,VE100101,VE100101,TRUE
VE10,VE1002,VE100201,VE100201,TRUE
VE10,VE1002,VE100202,VE100202,TRUE
VE10,VE1002,VE100204,VE100204,TRUE
VE10,VE1003,VE100301,VE100301,TRUE
VE10,VE1003,VE100302,VE100302,TRUE
VE10,VE1004,VE100401,VE100401,TRUE
VE10,VE1004,VE100402,VE100402,TRUE
VE10,VE1004,VE100403,VE100403,TRUE
VE10,VE1004,VE100404,VE100404,TRUE
VE10,VE1004,VE100405,VE100405,TRUE
VE10,VE1004,VE100406,VE100406,TRUE
VE10,VE1004,VE100407,VE100407,TRUE
VE10,VE1004,VE100408,VE100408,TRUE
VE11,VE1105,VE110501,VE110501,TRUE
VE11,VE1105,VE110504,VE110504,TRUE
VE11,VE1106,VE110601,VE110601,TRUE
VE11,VE1106,VE110603,VE110603,TRUE
VE11,VE1106,VE110604,VE110604,TRUE
VE11,VE1110,VE111001,VE111001,TRUE
VE11,VE1110,VE111003,VE111003,TRUE
VE11,VE1111,VE111101,VE111101,TRUE
VE11,VE1112,VE111201,VE111201,TRUE
VE11,VE1114,VE111401,VE111401,TRUE
VE11,VE1114,VE111402,VE111402,TRUE
VE11,VE1114,VE111403,VE111403,TRUE
VE11,VE1116,VE111601,VE111601,TRUE
VE11,VE1117,VE111703,VE111703,TRUE
VE11,VE1124,VE112401,VE112401,TRUE
VE12,VE1203,VE120301,VE120301,TRUE
VE12,VE1205,VE120501,VE120501,TRUE
VE12,VE1207,VE120701,VE120701,TRUE
VE12,VE1208,VE120801,VE120801,TRUE
VE12,VE1208,VE120803,VE120803,TRUE
VE12,VE1209,VE120901,VE120901,TRUE
VE12,VE1210,VE121001,VE121001,TRUE
VE12,VE1210,VE121003,VE121003,TRUE
VE12,VE1211,VE121101,VE121101,TRUE
VE12,VE1212,VE121201,VE121201,TRUE
VE12,VE1215,VE121501,VE121501,TRUE
VE12,VE1215,VE121502,VE121502,TRUE
VE13,VE1301,VE130101,VE130101,TRUE
VE13,VE1301,VE130102,VE130102,TRUE
VE13,VE1302,VE130201,VE130201,TRUE
VE13,VE1302,VE130202,VE130202,TRUE
VE13,VE1303,VE130301,VE130301,TRUE
VE13,VE1303,VE130302,VE130302,TRUE
VE13,VE1303,VE130303,VE130303,TRUE
VE13,VE1303,VE130304,VE130304,TRUE
VE13,VE1303,VE130305,VE130305,TRUE
VE13,VE1303,VE130306,VE130306,TRUE
VE13,VE1303,VE130307,VE130307,TRUE
VE13,VE1303,VE130308,VE130308,TRUE
VE13,VE1303,VE130310,VE130310,TRUE
VE13,VE1304,VE130401,VE130401,TRUE
VE13,VE1304,VE130406,VE130406,TRUE
VE13,VE1304,VE130408,VE130408,TRUE
VE13,VE1305,VE130501,VE130501,TRUE
VE13,VE1306,VE130601,VE130601,TRUE
VE13,VE1306,VE130602,VE130602,TRUE
VE13,VE1306,VE130603,VE130603,TRUE
VE13,VE1307,VE130701,VE130701,TRUE
VE13,VE1307,VE130703,VE130703,TRUE
VE13,VE1308,VE130801,VE130801,TRUE
VE13,VE1308,VE130802,VE130802,TRUE
VE13,VE1308,VE130803,VE130803,TRUE
VE13,VE1308,VE130804,VE130804,TRUE
VE13,VE1308,VE130805,VE130805,TRUE
VE13,VE1308,VE130806,VE130806,TRUE
VE13,VE1308,VE130810,VE130810,TRUE
VE13,VE1308,VE130811,VE130811,TRUE
VE13,VE1308,VE130813,VE130813,TRUE
VE13,VE1309,VE130901,VE130901,TRUE
VE14,VE1401,VE140101,VE140101,TRUE
VE14,VE1401,VE140102,VE140102,TRUE
VE14,VE1401,VE140103,VE140103,TRUE
VE14,VE1401,VE140104,VE140104,TRUE
VE14,VE1401,VE140105,VE140105,TRUE
VE14,VE1401,VE140107,VE140107,TRUE
VE14,VE1402,VE140201,VE140201,TRUE
VE14,VE1403,VE140301,VE140301,TRUE
VE14,VE1403,VE140302,VE140302,TRUE
VE14,VE1405,VE140501,VE140501,TRUE
VE14,VE1405,VE140503,VE140503,TRUE
VE14,VE1405,VE140506,VE140506,TRUE
VE14,VE1405,VE140507,VE140507,TRUE
VE14,VE1406,VE140601,VE140601,TRUE
VE14,VE1406,VE140602,VE140602,TRUE
VE14,VE1406,VE140603,VE140603,TRUE
VE14,VE1406,VE140606,VE140606,TRUE
VE14,VE1407,VE140701,VE140701,TRUE
VE14,VE1407,VE140702,VE140702,TRUE
VE14,VE1408,VE140801,VE140801,TRUE
VE14,VE1408,VE140802,VE140802,TRUE
VE14,VE1412,VE141201,VE141201,TRUE
VE14,VE1412,VE141202,VE141202,TRUE
VE14,VE1412,VE141203,VE141203,TRUE
VE14,VE1412,VE141204,VE141204,TRUE
VE14,VE1412,VE141205,VE141205,TRUE
VE14,VE1412,VE141206,VE141206,TRUE
VE14,VE1412,VE141207,VE141207,TRUE
VE14,VE1412,VE141209,VE141209,TRUE
VE14,VE1412,VE141210,VE141210,TRUE
VE14,VE1412,VE141211,VE141211,TRUE
VE14,VE1412,VE141212,VE141212,TRUE
VE14,VE1412,VE141213,VE141213,TRUE
VE14,VE1412,VE141214,VE141214,TRUE
VE14,VE1412,VE141215,VE141215,TRUE
VE14,VE1413,VE141302,VE141302,TRUE
VE14,VE1413,VE141303,VE141303,TRUE
VE14,VE1413,VE141304,VE141304,TRUE
VE14,VE1414,VE141403,VE141403,TRUE
VE14,VE1415,VE141501,VE141501,TRUE
VE14,VE1417,VE141701,VE141701,TRUE
VE14,VE1417,VE141705,VE141705,TRUE
VE14,VE1418,VE141801,VE141801,TRUE
VE14,VE1419,VE141900,VE141900,TRUE
VE14,VE1420,VE142001,VE142001,TRUE
VE14,VE1420,VE142002,VE142002,TRUE
VE14,VE1420,VE142006,VE142006,TRUE
VE14,VE1423,VE142301,VE142301,TRUE
VE15,VE1501,VE150101,VE150101,TRUE
VE15,VE1501,VE150106,VE150106,TRUE
VE15,VE1502,VE150201,VE150201,TRUE
VE15,VE1503,VE150301,VE150301,TRUE
VE15,VE1503,VE150302,VE150302,TRUE
VE15,VE1503,VE150303,VE150303,TRUE
VE15,VE1504,VE150401,VE150401,TRUE
VE15,VE1505,VE150501,VE150501,TRUE
VE15,VE1506,VE150601,VE150601,TRUE
VE15,VE1507,VE150701,VE150701,TRUE
VE15,VE1508,VE150801,VE150801,TRUE
VE15,VE1508,VE150802,VE150802,TRUE
VE15,VE1509,VE150901,VE150901,TRUE
VE15,VE1510,VE151001,VE151001,TRUE
VE15,VE1510,VE151002,VE151002,TRUE
VE15,VE1510,VE151003,VE151003,TRUE
VE15,VE1510,VE151004,VE151004,TRUE
VE15,VE1510,VE151006,VE151006,TRUE
VE15,VE1511,VE151101,VE151101,TRUE
VE15,VE1511,VE151102,VE151102,TRUE
VE15,VE1512,VE151201,VE151201,TRUE
VE15,VE1512,VE151202,VE151202,TRUE
VE15,VE1512,VE151203,VE151203,TRUE
VE15,VE1513,VE151301,VE151301,TRUE
VE15,VE1514,VE151401,VE151401,TRUE
VE15,VE1514,VE151403,VE151403,TRUE
VE15,VE1515,VE151501,VE151501,TRUE
VE15,VE1516,VE151601,VE151601,TRUE
VE15,VE1517,VE151701,VE151701,TRUE
VE15,VE1518,VE151801,VE151801,TRUE
VE15,VE1518,VE151802,VE151802,TRUE
VE15,VE1519,VE151901,VE151901,TRUE
VE15,VE1519,VE151902,VE151902,TRUE
VE15,VE1519,VE151903,VE151903,TRUE
VE15,VE1519,VE151904,VE151904,TRUE
VE15,VE1519,VE151905,VE151905,TRUE
VE15,VE1520,VE152001,VE152001,TRUE
VE15,VE1520,VE152002,VE152002,TRUE
VE15,VE1521,VE152101,VE152101,TRUE
VE15,VE1521,VE152102,VE152102,TRUE
VE16,VE1601,VE160101,VE160101,TRUE
VE16,VE1601,VE160102,VE160102,TRUE
VE16,VE1604,VE160401,VE160401,TRUE
VE16,VE1606,VE160601,VE160601,TRUE
VE16,VE1608,VE160801,VE160801,TRUE
VE16,VE1608,VE160802,VE160802,TRUE
VE16,VE1608,VE160803,VE160803,TRUE
VE16,VE1608,VE160804,VE160804,TRUE
VE16,VE1608,VE160805,VE160805,TRUE
VE16,VE1608,VE160806,VE160806,TRUE
VE16,VE1608,VE160807,VE160807,TRUE
VE16,VE1608,VE160809,VE160809,TRUE
VE16,VE1608,VE160810,VE160810,TRUE
VE16,VE1608,VE160811,VE160811,TRUE
VE16,VE1609,VE160906,VE160906,TRUE
VE16,VE1610,VE161001,VE161001,TRUE
VE17,VE1701,VE170101,VE170101,TRUE
VE17,VE1702,VE170200,VE170200,TRUE
VE17,VE1703,VE170301,VE170301,TRUE
VE17,VE1703,VE170302,VE170302,TRUE
VE17,VE1704,VE170401,VE170401,TRUE
VE17,VE1704,VE170402,VE170402,TRUE
VE17,VE1705,VE170501,VE170501,TRUE
VE17,VE1705,VE170502,VE170502,TRUE
VE17,VE1705,VE170503,VE170503,TRUE
VE17,VE1705,VE170504,VE170504,TRUE
VE17,VE1705,VE170505,VE170505,TRUE
VE17,VE1706,VE170601,VE170601,TRUE
VE17,VE1706,VE170602,VE170602,TRUE
VE17,VE1707,VE170701,VE170701,TRUE
VE17,VE1707,VE170702,VE170702,TRUE
VE17,VE1708,VE170801,VE170801,TRUE
VE17,VE1709,VE170901,VE170901,TRUE
VE17,VE1709,VE170902,VE170902,TRUE
VE17,VE1710,VE171001,VE171001,TRUE
VE17,VE1710,VE171002,VE171002,TRUE
VE17,VE1711,VE171101,VE171101,TRUE
VE17,VE1711,VE171102,VE171102,TRUE
VE18,VE1801,VE180101,VE180101,TRUE
VE18,VE1802,VE180201,VE180201,TRUE
VE18,VE1804,VE180401,VE180401,TRUE
VE18,VE1804,VE180404,VE180404,TRUE
VE18,VE1804,VE180405,VE180405,TRUE
VE18,VE1805,VE180501,VE180501,TRUE
VE18,VE1806,VE180601,VE180601,TRUE
VE18,VE1807,VE180701,VE180701,TRUE
VE18,VE1808,VE180801,VE180801,TRUE
VE18,VE1809,VE180901,VE180901,TRUE
VE18,VE1810,VE181001,VE181001,TRUE
VE18,VE1811,VE181101,VE181101,TRUE
VE18,VE1813,VE181302,VE181302,TRUE
VE18,VE1814,VE181401,VE181401,TRUE
VE19,VE1904,VE190406,VE190406,TRUE
VE19,VE1905,VE190501,VE190501,TRUE
VE19,VE1905,VE190503,VE190503,TRUE
VE19,VE1907,VE190701,VE190701,TRUE
VE19,VE1912,VE191202,VE191202,TRUE
VE19,VE1914,VE191401,VE191401,TRUE
VE19,VE1914,VE191402,VE191402,TRUE
VE19,VE1914,VE191404,VE191404,TRUE
VE19,VE1914,VE191405,VE191405,TRUE
VE19,VE1915,VE191501,VE191501,TRUE
VE20,VE2001,VE200101,VE200101,TRUE
VE20,VE2002,VE200201,VE200201,TRUE
VE20,VE2003,VE200301,VE200301,TRUE
VE20,VE2003,VE200302,VE200302,TRUE
VE20,VE2003,VE200303,VE200303,TRUE
VE20,VE2004,VE200401,VE200401,TRUE
VE20,VE2004,VE200402,VE200402,TRUE
VE20,VE2004,VE200403,VE200403,TRUE
VE20,VE2004,VE200404,VE200404,TRUE
VE20,VE2005,VE200501,VE200501,TRUE
VE20,VE2005,VE200502,VE200502,TRUE
VE20,VE2005,VE200503,VE200503,TRUE
VE20,VE2006,VE200601,VE200601,TRUE
VE20,VE2007,VE200701,VE200701,TRUE
VE20,VE2007,VE200702,VE200702,TRUE
VE20,VE2007,VE200703,VE200703,TRUE
VE20,VE2008,VE200801,VE200801,TRUE
VE20,VE2009,VE200901,VE200901,TRUE
VE20,VE2009,VE200902,VE200902,TRUE
VE20,VE2009,VE200903,VE200903,TRUE
VE20,VE2010,VE201001,VE201001,TRUE
VE20,VE2011,VE201101,VE201101,TRUE
VE20,VE2012,VE201201,VE201201,TRUE
VE20,VE2013,VE201300,VE201300,TRUE
VE20,VE2014,VE201401,VE201401,TRUE
VE20,VE2014,VE201402,VE201402,TRUE
VE20,VE2014,VE201404,VE201404,TRUE
VE20,VE2015,VE201501,VE201501,TRUE
VE20,VE2016,VE201601,VE201601,TRUE
VE20,VE2016,VE201602,VE201602,TRUE
VE20,VE2016,VE201604,VE201604,TRUE
VE20,VE2017,VE201701,VE201701,TRUE
VE20,VE2017,VE201702,VE201702,TRUE
VE20,VE2018,VE201800,VE201800,TRUE
VE20,VE2019,VE201901,VE201901,TRUE
VE20,VE2020,VE202001,VE202001,TRUE
VE20,VE2020,VE202002,VE202002,TRUE
VE20,VE2021,VE202100,VE202100,TRUE
VE20,VE2022,VE202201,VE202201,TRUE
VE20,VE2022,VE202202,VE202202,TRUE
VE20,VE2022,VE202203,VE202203,TRUE
VE20,VE2023,VE202301,VE202301,TRUE
VE20,VE2023,VE202302,VE202302,TRUE
VE20,VE2023,VE202303,VE202303,TRUE
VE20,VE2023,VE202304,VE202304,TRUE
VE20,VE2024,VE202401,VE202401,TRUE
VE20,VE2026,VE202601,VE202601,TRUE
VE20,VE2026,VE202603,VE202603,TRUE
VE20,VE2027,VE202701,VE202701,TRUE
VE20,VE2028,VE202801,VE202801,TRUE
VE20,VE2028,VE202803,VE202803,TRUE
VE21,VE2101,VE210101,VE210101,TRUE
VE21,VE2102,VE210201,VE210201,TRUE
VE21,VE2102,VE210205,VE210205,TRUE
VE21,VE2102,VE210211,VE210211,TRUE
VE21,VE2102,VE210212,VE210212,TRUE
VE21,VE2104,VE210401,VE210401,TRUE
VE21,VE2104,VE210402,VE210402,TRUE
VE21,VE2104,VE210403,VE210403,TRUE
VE21,VE2104,VE210404,VE210404,TRUE
VE21,VE2104,VE210405,VE210405,TRUE
VE21,VE2106,VE210601,VE210601,TRUE
VE21,VE2106,VE210603,VE210603,TRUE
VE21,VE2109,VE210901,VE210901,TRUE
VE21,VE2110,VE211002,VE211002,TRUE
VE21,VE2110,VE211004,VE211004,TRUE
VE21,VE2111,VE211102,VE211102,TRUE
VE21,VE2112,VE211201,VE211201,TRUE
VE21,VE2112,VE211202,VE211202,TRUE
VE21,VE2112,VE211203,VE211203,TRUE
VE21,VE2113,VE211301,VE211301,TRUE
VE21,VE2113,VE211302,VE211302,TRUE
VE21,VE2113,VE211303,VE211303,TRUE
VE21,VE2113,VE211304,VE211304,TRUE
VE21,VE2114,VE211401,VE211401,TRUE
VE21,VE2114,VE211402,VE211402,TRUE
VE21,VE2114,VE211403,VE211403,TRUE
VE21,VE2115,VE211501,VE211501,TRUE
VE21,VE2115,VE211503,VE211503,TRUE
VE21,VE2115,VE211504,VE211504,TRUE
VE21,VE2116,VE211601,VE211601,TRUE
VE21,VE2116,VE211602,VE211602,TRUE
VE21,VE2116,VE211604,VE211604,TRUE
VE21,VE2117,VE211701,VE211701,TRUE
VE21,VE2117,VE211704,VE211704,TRUE
VE21,VE2118,VE211801,VE211801,TRUE
VE21,VE2118,VE211802,VE211802,TRUE
VE21,VE2118,VE211803,VE211803,TRUE
VE21,VE2118,VE211804,VE211804,TRUE
VE21,VE2118,VE211805,VE211805,TRUE
VE21,VE2118,VE211806,VE211806,TRUE
VE21,VE2118,VE211807,VE211807,TRUE
VE21,VE2119,VE211901,VE211901,TRUE
VE21,VE2119,VE211905,VE211905,TRUE
VE21,VE2120,VE212001,VE212001,TRUE
VE21,VE2120,VE212002,VE212002,TRUE
VE21,VE2120,VE212003,VE212003,TRUE
VE21,VE2120,VE212004,VE212004,TRUE
VE21,VE2120,VE212005,VE212005,TRUE
VE22,VE2201,VE220100,VE220100,TRUE
VE22,VE2202,VE220201,VE220201,TRUE
VE22,VE2203,VE220301,VE220301,TRUE
VE22,VE2204,VE220400,VE220400,TRUE
VE22,VE2205,VE220500,VE220500,TRUE
VE22,VE2206,VE220600,VE220600,TRUE
VE22,VE2207,VE220700,VE220700,TRUE
VE22,VE2208,VE220800,VE220800,TRUE
VE22,VE2209,VE220901,VE220901,TRUE
VE22,VE2209,VE220902,VE220902,TRUE
VE22,VE2210,VE221001,VE221001,TRUE
VE22,VE2211,VE221101,VE221101,TRUE
VE22,VE2211,VE221102,VE221102,TRUE
VE22,VE2211,VE221103,VE221103,TRUE
VE22,VE2212,VE221200,VE221200,TRUE
VE22,VE2213,VE221300,VE221300,TRUE
VE22,VE2214,VE221401,VE221401,TRUE
VE22,VE2214,VE221402,VE221402,TRUE
VE23,VE2301,VE230101,VE230101,TRUE
VE23,VE2302,VE230204,VE230204,TRUE
VE23,VE2303,VE230301,VE230301,TRUE
VE23,VE2303,VE230302,VE230302,TRUE
VE23,VE2303,VE230303,VE230303,TRUE
VE23,VE2303,VE230304,VE230304,TRUE
VE23,VE2303,VE230307,VE230307,TRUE
VE23,VE2305,VE230501,VE230501,TRUE
VE23,VE2306,VE230603,VE230603,TRUE
VE23,VE2307,VE230701,VE230701,TRUE
VE23,VE2307,VE230702,VE230702,TRUE
VE23,VE2307,VE230703,VE230703,TRUE
VE23,VE2307,VE230704,VE230704,TRUE
VE23,VE2308,VE230801,VE230801,TRUE
VE23,VE2309,VE230901,VE230901,TRUE
VE23,VE2309,VE230902,VE230902,TRUE
VE23,VE2309,VE230903,VE230903,TRUE
VE23,VE2310,VE231002,VE231002,TRUE
VE23,VE2310,VE231101,VE231101,TRUE
VE23,VE2311,VE231102,VE231102,TRUE
VE23,VE2311,VE231104,VE231104,TRUE
VE23,VE2312,VE231201,VE231201,TRUE
VE23,VE2312,VE231202,VE231202,TRUE
VE23,VE2312,VE231204,VE231204,TRUE
VE23,VE2312,VE231206,VE231206,TRUE
VE23,VE2312,VE231207,VE231207,TRUE
VE23,VE2313,VE231301,VE231301,TRUE
VE23,VE2313,VE231302,VE231302,TRUE
VE23,VE2313,VE231303,VE231303,TRUE
VE23,VE2313,VE231304,VE231304,TRUE
VE23,VE2313,VE231305,VE231305,TRUE
VE23,VE2313,VE231306,VE231306,TRUE
VE23,VE2313,VE231307,VE231307,TRUE
VE23,VE2313,VE231308,VE231308,TRUE
VE23,VE2313,VE231309,VE231309,TRUE
VE23,VE2313,VE231310,VE231310,TRUE
VE23,VE2313,VE231311,VE231311,TRUE
VE23,VE2313,VE231312,VE231312,TRUE
VE23,VE2313,VE231313,VE231313,TRUE
VE23,VE2313,VE231314,VE231314,TRUE
VE23,VE2313,VE231315,VE231315,TRUE
VE23,VE2313,VE231316,VE231316,TRUE
VE23,VE2313,VE231317,VE231317,TRUE
VE23,VE2313,VE231318,VE231318,TRUE
VE23,VE2314,VE231401,VE231401,TRUE
VE23,VE2315,VE231501,VE231501,TRUE
VE23,VE2315,VE231503,VE231503,TRUE
VE23,VE2315,VE231504,VE231504,TRUE
VE23,VE2316,VE231601,VE231601,TRUE
VE23,VE2317,VE231701,VE231701,TRUE
VE23,VE2317,VE231702,VE231702,TRUE
VE23,VE2317,VE231703,VE231703,TRUE
VE23,VE2317,VE231704,VE231704,TRUE
VE23,VE2317,VE231705,VE231705,TRUE
VE23,VE2317,VE231706,VE231706,TRUE
VE23,VE2320,VE232002,VE232002,TRUE
VE23,VE2321,VE232101,VE232101,TRUE
VE23,VE2321,VE232102,VE232102,TRUE
VE24,VE2402,VE240201,VE240201,TRUE
VE24,VE2402,VE240202,VE240202,TRUE
VE24,VE2402,VE240203,VE240203,TRUE
VE24,VE2402,VE240204,VE240204,TRUE
VE24,VE2402,VE240205,VE240205,TRUE
VE24,VE2402,VE240206,VE240206,TRUE
VE24,VE2402,VE240207,VE240207,TRUE
VE24,VE2402,VE240208,VE240208,TRUE
VE24,VE2402,VE240209,VE240209,TRUE
VE24,VE2402,VE240211,VE240211,TRUE
VE02,VE0204,VE020400,VE020400,TRUE
VE02,VE0205,VE020500,VE020500,TRUE
VE02,VE0207,VE020700,VE020700,TRUE
VE03,VE0301,VE030101,VE030101,TRUE
VE03,VE0302,VE030202,VE030202,TRUE
VE03,VE0303,VE030302,VE030302,TRUE
VE03,VE0303,VE030303,VE030303,TRUE
VE03,VE0305,VE030502,VE030502,TRUE
VE03,VE0305,VE030503,VE030503,TRUE
VE03,VE0305,VE030504,VE030504,TRUE
VE03,VE0309,VE030902,VE030902,TRUE
VE03,VE0310,VE031003,VE031003,TRUE
VE03,VE0310,VE031004,VE031004,TRUE
VE03,VE0311,VE031102,VE031102,TRUE
VE03,VE0312,VE031202,VE031202,TRUE
VE03,VE0313,VE031302,VE031302,TRUE
VE03,VE0313,VE031303,VE031303,TRUE
VE03,VE0313,VE031304,VE031304,TRUE
VE03,VE0314,VE031402,VE031402,TRUE
VE03,VE0315,VE031501,VE031501,TRUE
VE03,VE0316,VE031602,VE031602,TRUE
VE03,VE0317,VE031701,VE031701,TRUE
VE03,VE0317,VE031702,VE031702,TRUE
VE03,VE0318,VE031803,VE031803,TRUE
VE03,VE0319,VE031900,#N/A,#N/A
VE03,VE0320,VE032001,VE032001,TRUE
VE03,VE0321,VE032101,VE032101,TRUE
VE03,VE0321,VE032102,VE032102,TRUE
VE04,VE0401,VE040102,VE040102,TRUE
VE04,VE0401,VE040104,VE040104,TRUE
VE04,VE0401,VE040105,VE040105,TRUE
VE04,VE0401,VE040106,VE040106,TRUE
VE04,VE0403,VE040303,VE040303,TRUE
VE04,VE0403,VE040304,VE040304,TRUE
VE04,VE0403,VE040305,VE040305,TRUE
VE04,VE0404,VE040402,VE040402,TRUE
VE04,VE0405,VE040501,VE040501,TRUE
VE04,VE0405,VE040503,VE040503,TRUE
VE04,VE0406,VE040602,VE040602,TRUE
VE04,VE0407,VE040704,VE040704,TRUE
VE05,VE0501,VE050101,VE050101,TRUE
VE05,VE0502,VE050201,VE050201,TRUE
VE05,VE0502,VE050202,VE050202,TRUE
VE05,VE0503,VE050302,VE050302,TRUE
VE05,VE0503,VE050304,VE050304,TRUE
VE05,VE0503,VE050308,VE050308,TRUE
VE05,VE0504,VE050400,VE050400,TRUE
VE05,VE0505,VE050501,VE050501,TRUE
VE05,VE0505,VE050504,VE050504,TRUE
VE05,VE0505,VE050505,VE050505,TRUE
VE05,VE0507,VE050701,VE050701,TRUE
VE05,VE0507,VE050702,VE050702,TRUE
VE05,VE0508,VE050801,VE050801,TRUE
VE05,VE0509,VE050901,VE050901,TRUE
VE05,VE0509,VE050902,VE050902,TRUE
VE05,VE0509,VE050903,VE050903,TRUE
VE05,VE0509,VE050904,VE050904,TRUE
VE05,VE0511,VE051101,VE051101,TRUE
VE05,VE0511,VE051102,VE051102,TRUE
VE05,VE0511,VE051103,VE051103,TRUE
VE05,VE0511,VE051105,VE051105,TRUE
VE05,VE0512,VE051202,VE051202,TRUE
VE05,VE0513,VE051302,VE051302,TRUE
VE05,VE0514,VE051401,VE051401,TRUE
VE05,VE0515,VE051502,VE051502,TRUE
VE05,VE0515,VE051503,VE051503,TRUE
VE05,VE0516,VE051604,VE051604,TRUE
VE05,VE0516,VE051605,VE051605,TRUE
VE05,VE0517,VE051702,VE051702,TRUE
VE05,VE0517,VE051703,VE051703,TRUE
VE06,VE0601,VE060102,VE060102,TRUE
VE06,VE0602,VE060202,VE060202,TRUE
VE06,VE0602,VE060203,VE060203,TRUE
VE06,VE0603,VE060301,VE060301,TRUE
VE06,VE0603,VE060302,VE060302,TRUE
VE06,VE0603,VE060303,VE060303,TRUE
VE06,VE0603,VE060304,VE060304,TRUE
VE06,VE0604,VE060402,VE060402,TRUE
VE06,VE0604,VE060403,VE060403,TRUE
VE06,VE0604,VE060404,VE060404,TRUE
VE06,VE0604,VE060405,VE060405,TRUE
VE06,VE0604,VE060406,VE060406,TRUE
VE06,VE0604,VE060407,VE060407,TRUE
VE06,VE0604,VE060411,VE060411,TRUE
VE06,VE0604,VE060413,VE060413,TRUE
VE06,VE0605,VE060502,VE060502,TRUE
VE06,VE0605,VE060503,VE060503,TRUE
VE06,VE0606,VE060602,VE060602,TRUE
VE06,VE0606,VE060603,VE060603,TRUE
VE06,VE0607,VE060701,VE060701,TRUE
VE06,VE0607,VE060702,VE060702,TRUE
VE06,VE0607,VE060703,VE060703,TRUE
VE06,VE0607,VE060704,VE060704,TRUE
VE06,VE0608,VE060802,VE060802,TRUE
VE06,VE0608,VE060803,VE060803,TRUE
VE06,VE0609,VE060902,VE060902,TRUE
VE06,VE0609,VE060903,VE060903,TRUE
VE06,VE0610,VE061001,VE061001,TRUE
VE06,VE0610,VE061002,VE061002,TRUE
VE06,VE0610,VE061003,VE061003,TRUE
VE06,VE0610,VE061004,VE061004,TRUE
VE06,VE0611,VE061101,VE061101,TRUE
VE06,VE0611,VE061102,VE061102,TRUE
VE06,VE0611,VE061103,VE061103,TRUE
VE06,VE0611,VE061104,VE061104,TRUE
VE06,VE0612,VE061201,VE061201,TRUE
VE06,VE0612,VE061202,VE061202,TRUE
VE06,VE0612,VE061203,VE061203,TRUE
VE07,VE0702,VE070202,VE070202,TRUE
VE07,VE0702,VE070203,VE070203,TRUE
VE07,VE0702,VE070204,VE070204,TRUE
VE07,VE0704,VE070402,VE070402,TRUE
VE07,VE0706,VE070602,VE070602,TRUE
VE07,VE0706,VE070603,VE070603,TRUE
VE07,VE0707,VE070702,VE070702,TRUE
VE07,VE0707,VE070704,VE070704,TRUE
VE07,VE0709,VE070902,VE070902,TRUE
VE07,VE0710,VE071002,VE071002,TRUE
VE07,VE0710,VE071004,VE071004,TRUE
VE07,VE0710,VE071005,VE071005,TRUE
VE08,VE0801,VE080102,VE080102,TRUE
VE08,VE0801,VE080103,VE080103,TRUE
VE08,VE0802,VE080203,VE080203,TRUE
VE08,VE0804,VE080401,VE080401,TRUE
VE08,VE0805,VE080502,VE080502,TRUE
VE08,VE0811,VE081103,VE081103,TRUE
VE08,VE0811,VE081107,VE081107,TRUE
VE08,VE0811,VE081108,VE081108,TRUE
VE08,VE0814,VE081402,VE081402,TRUE
VE08,VE0814,VE081403,VE081403,TRUE
VE08,VE0814,VE081406,VE081406,TRUE
VE08,VE0814,VE081409,VE081409,TRUE
VE09,VE0901,VE090101,VE090101,TRUE
VE09,VE0903,VE090301,VE090301,TRUE
VE09,VE0903,VE090302,VE090302,TRUE
VE09,VE0904,VE090402,VE090402,TRUE
VE09,VE0905,VE090501,VE090501,TRUE
VE09,VE0906,VE090602,VE090602,TRUE
VE09,VE0908,VE090802,VE090802,TRUE
VE10,VE1001,VE100102,VE100102,TRUE
VE10,VE1001,VE100103,VE100103,TRUE
VE10,VE1001,VE100104,VE100104,TRUE
VE10,VE1001,VE100105,VE100105,TRUE
VE10,VE1001,VE100106,VE100106,TRUE
VE10,VE1002,VE100203,VE100203,TRUE
VE10,VE1002,VE100205,VE100205,TRUE
VE11,VE1101,VE110101,VE110101,TRUE
VE11,VE1101,VE110102,VE110102,TRUE
VE11,VE1101,VE110103,VE110103,TRUE
VE11,VE1101,VE110104,VE110104,TRUE
VE11,VE1102,VE110202,VE110202,TRUE
VE11,VE1102,VE110203,VE110203,TRUE
VE11,VE1103,VE110301,VE110301,TRUE
VE11,VE1103,VE110302,VE110302,TRUE
VE11,VE1103,VE110303,VE110303,TRUE
VE11,VE1103,VE110304,VE110304,TRUE
VE11,VE1103,VE110305,VE110305,TRUE
VE11,VE1103,VE110306,VE110306,TRUE
VE11,VE1104,VE110401,VE110401,TRUE
VE11,VE1105,VE110502,VE110502,TRUE
VE11,VE1105,VE110503,VE110503,TRUE
VE11,VE1106,VE110602,VE110602,TRUE
VE11,VE1106,VE110605,VE110605,TRUE
VE11,VE1107,VE110701,VE110701,TRUE
VE11,VE1108,VE110801,VE110801,TRUE
VE11,VE1108,VE110802,VE110802,TRUE
VE11,VE1108,VE110803,VE110803,TRUE
VE11,VE1108,VE110804,VE110804,TRUE
VE11,VE1108,VE110805,VE110805,TRUE
VE11,VE1109,VE110901,VE110901,TRUE
VE11,VE1109,VE110902,VE110902,TRUE
VE11,VE1109,VE110903,VE110903,TRUE
VE11,VE1109,VE110904,VE110904,TRUE
VE11,VE1109,VE110905,VE110905,TRUE
VE11,VE1109,VE110906,VE110906,TRUE
VE11,VE1109,VE110907,VE110907,TRUE
VE11,VE1109,VE110908,VE110908,TRUE
VE11,VE1109,VE110909,VE110909,TRUE
VE11,VE1110,VE111002,VE111002,TRUE
VE11,VE1110,VE111004,VE111004,TRUE
VE11,VE1110,VE111005,VE111005,TRUE
VE11,VE1111,VE111102,VE111102,TRUE
VE11,VE1111,VE111103,VE111103,TRUE
VE11,VE1112,VE111202,VE111202,TRUE
VE11,VE1113,VE111301,VE111301,TRUE
VE11,VE1113,VE111302,VE111302,TRUE
VE11,VE1113,VE111303,VE111303,TRUE
VE11,VE1114,VE111404,VE111404,TRUE
VE11,VE1114,VE111405,VE111405,TRUE
VE11,VE1114,VE111406,VE111406,TRUE
VE11,VE1114,VE111407,VE111407,TRUE
VE11,VE1115,VE111501,VE111501,TRUE
VE11,VE1115,VE111502,VE111502,TRUE
VE11,VE1115,VE111503,VE111503,TRUE
VE11,VE1117,VE111701,VE111701,TRUE
VE11,VE1117,VE111702,VE111702,TRUE
VE11,VE1118,VE111801,VE111801,TRUE
VE11,VE1118,VE111802,VE111802,TRUE
VE11,VE1119,VE111901,VE111901,TRUE
VE11,VE1120,VE112001,VE112001,TRUE
VE11,VE1120,VE112002,VE112002,TRUE
VE11,VE1121,VE112101,VE112101,TRUE
VE11,VE1121,VE112102,VE112102,TRUE
VE11,VE1122,VE112201,VE112201,TRUE
VE11,VE1123,VE112301,VE112301,TRUE
VE11,VE1123,VE112302,VE112302,TRUE
VE11,VE1123,VE112303,VE112303,TRUE
VE11,VE1124,VE112402,VE112402,TRUE
VE11,VE1125,VE112501,VE112501,TRUE
VE11,VE1125,VE112502,VE112502,TRUE
VE11,VE1125,VE112503,VE112503,TRUE
VE11,VE1125,VE112504,VE112504,TRUE
VE11,VE1125,VE112505,VE112505,TRUE
VE12,VE1201,VE120101,VE120101,TRUE
VE12,VE1201,VE120102,VE120102,TRUE
VE12,VE1201,VE120103,VE120103,TRUE
VE12,VE1202,VE120201,VE120201,TRUE
VE12,VE1204,VE120401,VE120401,TRUE
VE12,VE1204,VE120402,VE120402,TRUE
VE12,VE1205,VE120502,VE120502,TRUE
VE12,VE1206,VE120601,VE120601,TRUE
VE12,VE1206,VE120602,VE120602,TRUE
VE12,VE1206,VE120603,VE120603,TRUE
VE12,VE1207,VE120702,VE120702,TRUE
VE12,VE1208,VE120802,VE120802,TRUE
VE12,VE1208,VE120804,VE120804,TRUE
VE12,VE1209,VE120902,VE120902,TRUE
VE12,VE1209,VE120903,VE120903,TRUE
VE12,VE1209,VE120904,VE120904,TRUE
VE12,VE1209,VE120905,VE120905,TRUE
VE12,VE1209,VE120906,VE120906,TRUE
VE12,VE1209,VE120907,VE120907,TRUE
VE12,VE1210,VE121002,VE121002,TRUE
VE12,VE1210,VE121004,VE121004,TRUE
VE12,VE1211,VE121102,VE121102,TRUE
VE12,VE1212,VE121202,VE121202,TRUE
VE12,VE1212,VE121203,VE121203,TRUE
VE12,VE1213,VE121301,VE121301,TRUE
VE12,VE1214,VE121401,VE121401,TRUE
VE12,VE1214,VE121402,VE121402,TRUE
VE13,VE1301,VE130103,VE130103,TRUE
VE13,VE1303,VE130309,VE130309,TRUE
VE13,VE1304,VE130402,VE130402,TRUE
VE13,VE1304,VE130403,VE130403,TRUE
VE13,VE1304,VE130404,VE130404,TRUE
VE13,VE1304,VE130405,VE130405,TRUE
VE13,VE1304,VE130407,VE130407,TRUE
VE13,VE1305,VE130502,VE130502,TRUE
VE13,VE1305,VE130503,VE130503,TRUE
VE13,VE1305,VE130504,VE130504,TRUE
VE13,VE1305,VE130505,VE130505,TRUE
VE13,VE1305,VE130506,VE130506,TRUE
VE13,VE1305,VE130507,VE130507,TRUE
VE13,VE1305,VE130508,VE130508,TRUE
VE13,VE1307,VE130702,VE130702,TRUE
VE13,VE1308,VE130807,VE130807,TRUE
VE13,VE1308,VE130808,VE130808,TRUE
VE13,VE1308,VE130809,VE130809,TRUE
VE13,VE1308,VE130812,VE130812,TRUE
VE13,VE1308,VE130814,VE130814,TRUE
VE13,VE1308,VE130816,VE130816,TRUE
VE13,VE1308,VE130817,VE130817,TRUE
VE13,VE1309,VE130902,VE130902,TRUE
VE13,VE1309,VE130903,VE130903,TRUE
VE13,VE1309,VE130904,VE130904,TRUE
VE14,VE1401,VE140106,VE140106,TRUE
VE14,VE1403,VE140303,VE140303,TRUE
VE14,VE1404,VE140401,VE140401,TRUE
VE14,VE1404,VE140402,VE140402,TRUE
VE14,VE1405,VE140502,VE140502,TRUE
VE14,VE1405,VE140504,VE140504,TRUE
VE14,VE1405,VE140505,VE140505,TRUE
VE14,VE1406,VE140604,VE140604,TRUE
VE14,VE1406,VE140605,VE140605,TRUE
VE14,VE1406,VE140607,VE140607,TRUE
VE14,VE1409,VE140901,VE140901,TRUE
VE14,VE1409,VE140902,VE140902,TRUE
VE14,VE1409,VE140903,VE140903,TRUE
VE14,VE1410,VE141002,VE141002,TRUE
VE14,VE1411,VE141101,VE141101,TRUE
VE14,VE1411,VE141102,VE141102,TRUE
VE14,VE1412,VE141208,VE141208,TRUE
VE14,VE1413,VE141301,VE141301,TRUE
VE14,VE1414,VE141401,VE141401,TRUE
VE14,VE1414,VE141402,VE141402,TRUE
VE14,VE1416,VE141601,VE141601,TRUE
VE14,VE1417,VE141702,VE141702,TRUE
VE14,VE1417,VE141703,VE141703,TRUE
VE14,VE1417,VE141704,VE141704,TRUE
VE14,VE1418,VE141802,VE141802,TRUE
VE14,VE1420,VE142003,VE142003,TRUE
VE14,VE1420,VE142004,VE142004,TRUE
VE14,VE1420,VE142005,VE142005,TRUE
VE14,VE1421,VE142101,VE142101,TRUE
VE14,VE1421,VE142102,VE142102,TRUE
VE14,VE1421,VE142103,VE142103,TRUE
VE14,VE1421,VE142104,VE142104,TRUE
VE14,VE1422,VE142201,VE142201,TRUE
VE14,VE1422,VE142202,VE142202,TRUE
VE14,VE1422,VE142203,VE142203,TRUE
VE14,VE1422,VE142204,VE142204,TRUE
VE14,VE1423,VE142302,VE142302,TRUE
VE15,VE1501,VE150102,VE150102,TRUE
VE15,VE1501,VE150103,VE150103,TRUE
VE15,VE1501,VE150104,VE150104,TRUE
VE15,VE1501,VE150105,VE150105,TRUE
VE15,VE1501,VE150107,VE150107,TRUE
VE15,VE1501,VE150108,VE150108,TRUE
VE15,VE1502,VE150202,VE150202,TRUE
VE15,VE1504,VE150402,VE150402,TRUE
VE15,VE1504,VE150403,VE150403,TRUE
VE15,VE1510,VE151005,VE151005,TRUE
VE15,VE1510,VE151007,VE151007,TRUE
VE15,VE1514,VE151402,VE151402,TRUE
VE15,VE1514,VE151404,VE151404,TRUE
VE15,VE1514,VE151405,VE151405,TRUE
VE15,VE1516,VE151602,VE151602,TRUE
VE16,VE1602,VE160201,VE160201,TRUE
VE16,VE1603,VE160301,VE160301,TRUE
VE16,VE1604,VE160402,VE160402,TRUE
VE16,VE1604,VE160403,VE160403,TRUE
VE16,VE1604,VE160404,VE160404,TRUE
VE16,VE1604,VE160405,VE160405,TRUE
VE16,VE1604,VE160406,VE160406,TRUE
VE16,VE1605,VE160501,VE160501,TRUE
VE16,VE1605,VE160502,VE160502,TRUE
VE16,VE1605,VE160503,VE160503,TRUE
VE16,VE1605,VE160504,VE160504,TRUE
VE16,VE1606,VE160602,VE160602,TRUE
VE16,VE1607,VE160701,VE160701,TRUE
VE16,VE1607,VE160702,VE160702,TRUE
VE16,VE1607,VE160703,VE160703,TRUE
VE16,VE1607,VE160704,VE160704,TRUE
VE16,VE1608,VE160808,VE160808,TRUE
VE16,VE1609,VE160901,VE160901,TRUE
VE16,VE1609,VE160902,VE160902,TRUE
VE16,VE1609,VE160903,VE160903,TRUE
VE16,VE1609,VE160904,VE160904,TRUE
VE16,VE1609,VE160905,VE160905,TRUE
VE16,VE1609,VE160907,VE160907,TRUE
VE16,VE1610,VE161002,VE161002,TRUE
VE16,VE1611,VE161101,VE161101,TRUE
VE16,VE1612,VE161201,VE161201,TRUE
VE16,VE1612,VE161202,VE161202,TRUE
VE16,VE1613,VE161301,VE161301,TRUE
VE18,VE1802,VE180202,VE180202,TRUE
VE18,VE1803,VE180301,VE180301,TRUE
VE18,VE1803,VE180302,VE180302,TRUE
VE18,VE1804,VE180402,VE180402,TRUE
VE18,VE1804,VE180403,VE180403,TRUE
VE18,VE1805,VE180502,VE180502,TRUE
VE18,VE1805,VE180503,VE180503,TRUE
VE18,VE1806,VE180602,VE180602,TRUE
VE18,VE1807,VE180702,VE180702,TRUE
VE18,VE1807,VE180703,VE180703,TRUE
VE18,VE1808,VE180802,VE180802,TRUE
VE18,VE1808,VE180803,VE180803,TRUE
VE18,VE1808,VE180804,VE180804,TRUE
VE18,VE1809,VE180902,VE180902,TRUE
VE18,VE1810,VE181002,VE181002,TRUE
VE18,VE1811,VE181102,VE181102,TRUE
VE18,VE1811,VE181103,VE181103,TRUE
VE18,VE1812,VE181201,VE181201,TRUE
VE18,VE1812,VE181202,VE181202,TRUE
VE18,VE1813,VE181301,VE181301,TRUE
VE18,VE1813,VE181303,VE181303,TRUE
VE18,VE1813,VE181304,VE181304,TRUE
VE18,VE1813,VE181305,VE181305,TRUE
VE18,VE1813,VE181306,VE181306,TRUE
VE18,VE1814,VE181402,VE181402,TRUE
VE18,VE1814,VE181403,VE181403,TRUE
VE18,VE1814,VE181404,VE181404,TRUE
VE19,VE1901,VE190101,VE190101,TRUE
VE19,VE1901,VE190102,VE190102,TRUE
VE19,VE1902,VE190201,VE190201,TRUE
VE19,VE1902,VE190202,VE190202,TRUE
VE19,VE1903,VE190301,VE190301,TRUE
VE19,VE1903,VE190302,VE190302,TRUE
VE19,VE1903,VE190303,VE190303,TRUE
VE19,VE1903,VE190304,VE190304,TRUE
VE19,VE1903,VE190305,VE190305,TRUE
VE19,VE1904,VE190401,VE190401,TRUE
VE19,VE1904,VE190402,VE190402,TRUE
VE19,VE1904,VE190403,VE190403,TRUE
VE19,VE1904,VE190404,VE190404,TRUE
VE19,VE1904,VE190405,VE190405,TRUE
VE19,VE1905,VE190502,VE190502,TRUE
VE19,VE1905,VE190504,VE190504,TRUE
VE19,VE1905,VE190505,VE190505,TRUE
VE19,VE1906,VE190601,VE190601,TRUE
VE19,VE1907,VE190702,VE190702,TRUE
VE19,VE1907,VE190703,VE190703,TRUE
VE19,VE1908,VE190801,VE190801,TRUE
VE19,VE1908,VE190802,VE190802,TRUE
VE19,VE1908,VE190803,VE190803,TRUE
VE19,VE1909,VE190901,VE190901,TRUE
VE19,VE1909,VE190902,VE190902,TRUE
VE19,VE1910,VE191001,VE191001,TRUE
VE19,VE1910,VE191002,VE191002,TRUE
VE19,VE1910,VE191003,VE191003,TRUE
VE19,VE1910,VE191004,VE191004,TRUE
VE19,VE1910,VE191005,VE191005,TRUE
VE19,VE1911,VE191101,VE191101,TRUE
VE19,VE1912,VE191201,VE191201,TRUE
VE19,VE1912,VE191203,VE191203,TRUE
VE19,VE1912,VE191204,VE191204,TRUE
VE19,VE1912,VE191205,VE191205,TRUE
VE19,VE1912,VE191206,VE191206,TRUE
VE19,VE1913,VE191301,VE191301,TRUE
VE19,VE1913,VE191302,VE191302,TRUE
VE19,VE1913,VE191303,VE191303,TRUE
VE19,VE1913,VE191304,VE191304,TRUE
VE19,VE1913,VE191305,VE191305,TRUE
VE19,VE1914,VE191403,VE191403,TRUE
VE19,VE1914,VE191406,VE191406,TRUE
VE19,VE1914,VE191407,VE191407,TRUE
VE19,VE1915,VE191502,VE191502,TRUE
VE19,VE1915,VE191503,VE191503,TRUE
VE19,VE1915,VE191504,VE191504,TRUE
VE20,VE2011,VE201102,VE201102,TRUE
VE20,VE2011,VE201103,VE201103,TRUE
VE20,VE2012,VE201202,VE201202,TRUE
VE20,VE2012,VE201203,VE201203,TRUE
VE20,VE2014,VE201403,VE201403,TRUE
VE20,VE2015,VE201502,VE201502,TRUE
VE20,VE2015,VE201503,VE201503,TRUE
VE20,VE2016,VE201603,VE201603,TRUE
VE20,VE2019,VE201902,VE201902,TRUE
VE20,VE2023,VE202305,VE202305,TRUE
VE20,VE2025,VE202501,VE202501,TRUE
VE20,VE2026,VE202602,VE202602,TRUE
VE20,VE2028,VE202802,VE202802,TRUE
VE20,VE2028,VE202804,VE202804,TRUE
VE20,VE2029,VE202901,VE202901,TRUE
VE21,VE2101,VE210102,VE210102,TRUE
VE21,VE2101,VE210103,VE210103,TRUE
VE21,VE2101,VE210104,VE210104,TRUE
VE21,VE2102,VE210202,VE210202,TRUE
VE21,VE2102,VE210203,VE210203,TRUE
VE21,VE2102,VE210204,VE210204,TRUE
VE21,VE2102,VE210206,VE210206,TRUE
VE21,VE2102,VE210207,VE210207,TRUE
VE21,VE2102,VE210208,VE210208,TRUE
VE21,VE2102,VE210209,VE210209,TRUE
VE21,VE2102,VE210210,VE210210,TRUE
VE21,VE2103,VE210301,VE210301,TRUE
VE21,VE2103,VE210302,VE210302,TRUE
VE21,VE2103,VE210303,VE210303,TRUE
VE21,VE2104,VE210406,VE210406,TRUE
VE21,VE2104,VE210407,VE210407,TRUE
VE21,VE2105,VE210501,VE210501,TRUE
VE21,VE2105,VE210502,VE210502,TRUE
VE21,VE2105,VE210503,VE210503,TRUE
VE21,VE2105,VE210504,VE210504,TRUE
VE21,VE2105,VE210505,VE210505,TRUE
VE21,VE2106,VE210602,VE210602,TRUE
VE21,VE2106,VE210604,VE210604,TRUE
VE21,VE2107,VE210701,VE210701,TRUE
VE21,VE2107,VE210702,VE210702,TRUE
VE21,VE2107,VE210703,VE210703,TRUE
VE21,VE2108,VE210801,VE210801,TRUE
VE21,VE2108,VE210802,VE210802,TRUE
VE21,VE2109,VE210902,VE210902,TRUE
VE21,VE2109,VE210903,VE210903,TRUE
VE21,VE2109,VE210904,VE210904,TRUE
VE21,VE2110,VE211001,VE211001,TRUE
VE21,VE2110,VE211003,VE211003,TRUE
VE21,VE2110,VE211005,VE211005,TRUE
VE21,VE2111,VE211101,VE211101,TRUE
VE21,VE2111,VE211103,VE211103,TRUE
VE21,VE2115,VE211502,VE211502,TRUE
VE21,VE2116,VE211603,VE211603,TRUE
VE21,VE2117,VE211702,VE211702,TRUE
VE21,VE2117,VE211703,VE211703,TRUE
VE21,VE2119,VE211902,VE211902,TRUE
VE21,VE2119,VE211903,VE211903,TRUE
VE21,VE2119,VE211904,VE211904,TRUE
VE21,VE2119,VE211906,VE211906,TRUE
VE21,VE2120,VE212006,VE212006,TRUE
VE22,VE2203,VE220302,VE220302,TRUE
VE22,VE2209,VE220903,VE220903,TRUE
VE22,VE2210,VE221002,VE221002,TRUE
VE23,VE2301,VE230102,VE230102,TRUE
VE23,VE2302,VE230201,VE230201,TRUE
VE23,VE2302,VE230202,VE230202,TRUE
VE23,VE2302,VE230203,VE230203,TRUE
VE23,VE2302,VE230205,VE230205,TRUE
VE23,VE2302,VE230206,VE230206,TRUE
VE23,VE2303,VE230305,VE230305,TRUE
VE23,VE2303,VE230306,VE230306,TRUE
VE23,VE2303,VE230308,VE230308,TRUE
VE23,VE2303,VE230309,VE230309,TRUE
VE23,VE2304,VE230401,VE230401,TRUE
VE23,VE2304,VE230402,VE230402,TRUE
VE23,VE2305,VE230502,VE230502,TRUE
VE23,VE2305,VE230503,VE230503,TRUE
VE23,VE2305,VE230504,VE230504,TRUE
VE23,VE2305,VE230505,VE230505,TRUE
VE23,VE2306,VE230601,VE230601,TRUE
VE23,VE2306,VE230602,VE230602,TRUE
VE23,VE2308,VE230802,VE230802,TRUE
VE23,VE2309,VE230904,VE230904,TRUE
VE23,VE2309,VE230905,VE230905,TRUE
VE23,VE2310,VE231001,VE231001,TRUE
VE23,VE2310,VE231003,VE231003,TRUE
VE23,VE2310,VE231004,VE231004,TRUE
VE23,VE2310,VE231005,VE231005,TRUE
VE23,VE2311,VE231103,VE231103,TRUE
VE23,VE2312,VE231203,VE231203,TRUE
VE23,VE2312,VE231205,VE231205,TRUE
VE23,VE2314,VE231402,VE231402,TRUE
VE23,VE2314,VE231403,VE231403,TRUE
VE23,VE2314,VE231404,VE231404,TRUE
VE23,VE2314,VE231405,VE231405,TRUE
VE23,VE2315,VE231502,VE231502,TRUE
VE23,VE2316,VE231602,VE231602,TRUE
VE23,VE2316,VE231603,VE231603,TRUE
VE23,VE2318,VE231801,VE231801,TRUE
VE23,VE2318,VE231802,VE231802,TRUE
VE23,VE2318,VE231803,VE231803,TRUE
VE23,VE2318,VE231804,VE231804,TRUE
VE23,VE2319,VE231901,VE231901,TRUE
VE23,VE2319,VE231902,VE231902,TRUE
VE23,VE2319,VE231903,VE231903,TRUE
VE23,VE2320,VE232001,VE232001,TRUE
VE23,VE2320,VE232003,VE232003,TRUE
VE23,VE2320,VE232004,VE232004,TRUE
VE23,VE2320,VE232005,VE232005,TRUE
VE23,VE2320,VE232006,VE232006,TRUE
VE23,VE2321,VE232103,VE232103,TRUE
VE24,VE2402,VE240210,VE240210,TRUE
